POINT_ID,X_IM,Y_IM,X_MAP,Y_MAP,REF_BADDATA,TGT_BADDATA,X_WIN_SIZE,Y_WIN_SIZE,X_SHIFT_PX,Y_SHIFT_PX,X_SHIFT_M,Y_SHIFT_M,ABS_SHIFT,ANGLE,SSIM_BEFORE,SSIM_AFTER,SSIM_IMPROVED,RELIABILITY,LAST_ERR,WARNINGS,L1_OUTLIER,L2_OUTLIER,L3_OUTLIER,OUTLIER
33,896,128,73.05888671478286,40.794182744691355,False,False,152.0,152.0,-0.34191304445266724,-18.54409945011139,-0.003419130444527241,0.18544099450111418,0.18547251250403374,178.94370956135126,0.10146925306564496,0.11911341785815956,True,14.593011627485282,-9999,[],False,False,False,False
34,1024,128,74.33888671478286,40.794182744691355,False,False,192.0,192.0,-9999.0,-9999.0,-9999.0,-9999.0,-9999.0,-9999.0,-9999.0,-9999.0,-9999,-9999.0,No match found in the given window.,[],-9999,-9999,-9999,-9999
35,1152,128,75.61888671478286,40.794182744691355,False,False,158.0,158.0,-9999.0,-9999.0,-9999.0,-9999.0,-9999.0,-9999.0,-9999.0,-9999.0,-9999,-9999.0,No match found in the given window.,[],-9999,-9999,-9999,-9999
36,1280,128,76.89888671478285,40.794182744691355,False,False,124.0,124.0,0.3721923530101776,6.545903295278549,0.003721923530108029,-0.06545903295278777,0.06556475966461042,356.7457333633533,0.07404294764401773,0.12943642702720004,True,1.1385446735982896,-9999,[],False,False,False,False
37,1408,128,78.17888671478285,40.794182744691355,False,False,100.0,100.0,-9999.0,-9999.0,-9999.0,-9999.0,-9999.0,-9999.0,-9999.0,-9999.0,-9999,-9999.0,No match found in the given window.,[],-9999,-9999,-9999,-9999
38,1536,128,79.45888671478285,40.794182744691355,False,False,100.0,100.0,-0.27954599261283875,1.4227320551872253,-0.0027954599261335034,-0.014227320551874811,0.014499353305731181,11.116172304921278,0.1449929026576613,0.15483932577657927,True,23.22154388371945,-9999,[],False,False,False,False
39,1664,128,80.73888671478285,40.794182744691355,False,False,100.0,100.0,0.13737455010414124,-6.753612235188484,0.0013737455010414124,0.067536122351882,0.06755009251681308,181.16528701729396,0.16481598360518504,0.18406949063249817,True,0.0,-9999,[],False,False,False,False
59,896,256,73.05888671478286,39.514182744691354,False,False,198.0,198.0,-9999.0,-9999.0,-9999.0,-9999.0,-9999.0,-9999.0,-9999.0,-9999.0,-9999,-9999.0,No match found in the given window.,[],-9999,-9999,-9999,-9999
60,1024,256,74.33888671478286,39.514182744691354,False,False,256.0,256.0,-9999.0,-9999.0,-9999.0,-9999.0,-9999.0,-9999.0,-9999.0,-9999.0,-9999,-9999.0,No match found in the given window.,[],-9999,-9999,-9999,-9999
61,1152,256,75.61888671478286,39.514182744691354,False,False,256.0,256.0,-9999.0,-9999.0,-9999.0,-9999.0,-9999.0,-9999.0,-9999.0,-9999.0,-9999,-9999.0,No match found in the given window.,[],-9999,-9999,-9999,-9999
62,1280,256,76.89888671478285,39.514182744691354,False,False,256.0,256.0,-9999.0,-9999.0,-9999.0,-9999.0,-9999.0,-9999.0,-9999.0,-9999.0,-9999,-9999.0,No match found in the given window.,[],-9999,-9999,-9999,-9999
63,1408,256,78.17888671478285,39.514182744691354,False,False,256.0,256.0,0.164432093501091,-0.1888522356748581,0.00164794921875,0.001888275146484375,0.002506256103515625,221.0458221435547,0.36102519456293547,0.36137919277844915,True,0.45401559519298473,-9999,[],False,False,False,False
64,1536,256,79.45888671478285,39.514182744691354,False,False,256.0,256.0,-9999.0,-9999.0,-9999.0,-9999.0,-9999.0,-9999.0,-9999.0,-9999.0,-9999,-9999.0,No match found in the given window.,[],-9999,-9999,-9999,-9999
65,1664,256,80.73888671478285,39.514182744691354,False,False,232.0,232.0,-49.20082972943783,29.830984205007553,-0.492008297294376,-0.2983098420500738,0.575378941629298,58.7711229734015,0.6965212297213447,0.6642551113540021,False,44.75104997241767,-9999,[],False,True,False,True
66,1792,256,82.01888671478285,39.514182744691354,False,False,192.0,192.0,0.3968537747859955,-0.09978659451007843,0.003968537747866208,0.0009978659451022054,0.004092068951109415,255.88590193400182,0.6645988027413011,0.6191774786641338,False,37.07031931266723,-9999,[],False,True,False,True
67,1920,256,83.29888671478285,39.514182744691354,False,False,150.0,150.0,-0.31095823645591736,-0.3132859170436859,-0.00311279296875,0.003131866455078125,0.004415661562234163,135.21365356445312,0.20699060981646428,0.20526425654768474,False,0.0,-9999,[],False,True,False,True
68,2048,256,84.57888671478285,39.514182744691354,False,False,108.0,108.0,-9999.0,-9999.0,-9999.0,-9999.0,-9999.0,-9999.0,-9999.0,-9999.0,-9999,-9999.0,No match found in the given window.,[],-9999,-9999,-9999,-9999
69,2176,256,85.85888671478286,39.514182744691354,False,False,100.0,100.0,-9999.0,-9999.0,-9999.0,-9999.0,-9999.0,-9999.0,-9999.0,-9999.0,-9999,-9999.0,No match found in the given window.,[],-9999,-9999,-9999,-9999
70,2304,256,87.13888671478286,39.514182744691354,False,False,100.0,100.0,-9999.0,-9999.0,-9999.0,-9999.0,-9999.0,-9999.0,-9999.0,-9999.0,-9999,-9999.0,No match found in the given window.,[],-9999,-9999,-9999,-9999
84,768,384,71.77888671478286,38.23418274469135,False,False,100.0,100.0,-0.42351341247558594,-0.3525787889957428,-0.00423431396484375,0.0035247802734375,0.005509400274604559,129.77769470214844,0.09838370435430946,0.10248199254254532,True,3.6213910278555517,-9999,[],False,False,False,False
85,896,384,73.05888671478286,38.23418274469135,False,False,242.0,242.0,-9999.0,-9999.0,-9999.0,-9999.0,-9999.0,-9999.0,-9999.0,-9999.0,-9999,-9999.0,No match found in the given window.,[],-9999,-9999,-9999,-9999
86,1024,384,74.33888671478286,38.23418274469135,False,False,256.0,256.0,-9999.0,-9999.0,-9999.0,-9999.0,-9999.0,-9999.0,-9999.0,-9999.0,-9999,-9999.0,No match found in the given window.,[],-9999,-9999,-9999,-9999
87,1152,384,75.61888671478286,38.23418274469135,False,False,256.0,256.0,-9999.0,-9999.0,-9999.0,-9999.0,-9999.0,-9999.0,-9999.0,-9999.0,-9999,-9999.0,No match found in the given window.,[],-9999,-9999,-9999,-9999
88,1280,384,76.89888671478285,38.23418274469135,False,False,256.0,256.0,-0.26405826210975647,-66.74300068616867,-0.0026405826210975647,0.6674300068616859,0.6674352303676881,179.77331937624788,0.3297906181491718,0.29027636687456365,False,25.6852220418573,-9999,[],False,True,False,True
89,1408,384,78.17888671478285,38.23418274469135,False,False,256.0,256.0,0.3385956287384033,24.65070652961731,0.0033859562873885807,-0.2465070652961714,0.2465303185024329,359.21304971410603,0.45634901303810665,0.4515696714468913,False,60.57414987836324,-9999,[],False,True,False,True
90,1536,384,79.45888671478285,38.23418274469135,False,False,256.0,256.0,-9999.0,-9999.0,-9999.0,-9999.0,-9999.0,-9999.0,-9999.0,-9999.0,-9999,-9999.0,No match found in the given window.,[],-9999,-9999,-9999,-9999
91,1664,384,80.73888671478285,38.23418274469135,False,False,256.0,256.0,-9999.0,-9999.0,-9999.0,-9999.0,-9999.0,-9999.0,-9999.0,-9999.0,-9999,-9999.0,No match found in the given window.,[],-9999,-9999,-9999,-9999
92,1792,384,82.01888671478285,38.23418274469135,False,False,256.0,256.0,-9999.0,-9999.0,-9999.0,-9999.0,-9999.0,-9999.0,-9999.0,-9999.0,-9999,-9999.0,No match found in the given window.,[],-9999,-9999,-9999,-9999
93,1920,384,83.29888671478285,38.23418274469135,False,False,256.0,256.0,-9999.0,-9999.0,-9999.0,-9999.0,-9999.0,-9999.0,-9999.0,-9999.0,-9999,-9999.0,No match found in the given window.,[],-9999,-9999,-9999,-9999
94,2048,384,84.57888671478285,38.23418274469135,False,False,256.0,256.0,-9999.0,-9999.0,-9999.0,-9999.0,-9999.0,-9999.0,-9999.0,-9999.0,-9999,-9999.0,No match found in the given window.,[],-9999,-9999,-9999,-9999
95,2176,384,85.85888671478286,38.23418274469135,False,False,256.0,256.0,-9999.0,-9999.0,-9999.0,-9999.0,-9999.0,-9999.0,-9999.0,-9999.0,-9999,-9999.0,No match found in the given window.,[],-9999,-9999,-9999,-9999
96,2304,384,87.13888671478286,38.23418274469135,False,False,230.0,230.0,-9999.0,-9999.0,-9999.0,-9999.0,-9999.0,-9999.0,-9999.0,-9999.0,-9999,-9999.0,No match found in the given window.,[],-9999,-9999,-9999,-9999
97,2432,384,88.41888671478286,38.23418274469135,False,False,184.0,184.0,-9999.0,-9999.0,-9999.0,-9999.0,-9999.0,-9999.0,-9999.0,-9999.0,-9999,-9999.0,No match found in the given window.,[],-9999,-9999,-9999,-9999
98,2560,384,89.69888671478286,38.23418274469135,False,False,136.0,136.0,-9999.0,-9999.0,-9999.0,-9999.0,-9999.0,-9999.0,-9999.0,-9999.0,-9999,-9999.0,No match found in the given window.,[],-9999,-9999,-9999,-9999
99,2688,384,90.97888671478286,38.23418274469135,False,False,100.0,100.0,-9999.0,-9999.0,-9999.0,-9999.0,-9999.0,-9999.0,-9999.0,-9999.0,-9999,-9999.0,No match found in the given window.,[],-9999,-9999,-9999,-9999
100,2816,384,92.25888671478285,38.23418274469135,False,False,100.0,100.0,0.3554247319698334,-0.351250559091568,0.0035552978515625,0.003513336181640625,0.00499836727976799,225.3384246826172,0.19517111706239562,0.17839738209293762,False,0.0,-9999,[],False,True,False,True
110,768,512,71.77888671478286,36.95418274469136,False,False,100.0,100.0,-0.08697449415922165,-0.3104126751422882,-0.0008697449415961955,0.003104126751424019,0.0032236716880505068,164.3476649697738,0.0753134769009667,0.07402930709501546,False,0.0,-9999,[],False,True,False,True
111,896,512,73.05888671478286,36.95418274469136,False,False,256.0,256.0,-9999.0,-9999.0,-9999.0,-9999.0,-9999.0,-9999.0,-9999.0,-9999.0,-9999,-9999.0,No match found in the given window.,[],-9999,-9999,-9999,-9999
112,1024,512,74.33888671478286,36.95418274469136,False,False,256.0,256.0,-9999.0,-9999.0,-9999.0,-9999.0,-9999.0,-9999.0,-9999.0,-9999.0,-9999,-9999.0,No match found in the given window.,[],-9999,-9999,-9999,-9999
113,1152,512,75.61888671478286,36.95418274469136,False,False,256.0,256.0,-9999.0,-9999.0,-9999.0,-9999.0,-9999.0,-9999.0,-9999.0,-9999.0,-9999,-9999.0,No match found in the given window.,[],-9999,-9999,-9999,-9999
114,1280,512,76.89888671478285,36.95418274469136,False,False,256.0,256.0,-9999.0,-9999.0,-9999.0,-9999.0,-9999.0,-9999.0,-9999.0,-9999.0,-9999,-9999.0,No match found in the given window.,[],-9999,-9999,-9999,-9999
115,1408,512,78.17888671478285,36.95418274469136,False,False,256.0,256.0,-0.3455609381198883,-0.376740962266922,-0.00345611572265625,0.0037689208984375,0.005113658029586077,137.47178649902344,0.26112501357002216,0.26397529260444996,True,50.59490512387294,-9999,[],False,False,False,False
116,1536,512,79.45888671478285,36.95418274469136,False,False,256.0,256.0,-9999.0,-9999.0,-9999.0,-9999.0,-9999.0,-9999.0,-9999.0,-9999.0,-9999,-9999.0,No match found in the given window.,[],-9999,-9999,-9999,-9999
117,1664,512,80.73888671478285,36.95418274469136,False,False,256.0,256.0,-9999.0,-9999.0,-9999.0,-9999.0,-9999.0,-9999.0,-9999.0,-9999.0,-9999,-9999.0,No match found in the given window.,[],-9999,-9999,-9999,-9999
118,1792,512,82.01888671478285,36.95418274469136,False,False,256.0,256.0,-9999.0,-9999.0,-9999.0,-9999.0,-9999.0,-9999.0,-9999.0,-9999.0,-9999,-9999.0,No match found in the given window.,[],-9999,-9999,-9999,-9999
119,1920,512,83.29888671478285,36.95418274469136,False,False,256.0,256.0,0.4452761113643646,-0.2834317684173584,0.004452761113640236,0.0028343176841758577,0.00527829880453718,237.52200859363523,0.4843409321450182,0.4833702258127386,False,33.50714272435789,-9999,[],False,True,False,True
120,2048,512,84.57888671478285,36.95418274469136,False,False,256.0,256.0,-24.77577692270279,-16.567735582590103,-0.24775776922702875,0.16567735582589904,0.29804848338116935,123.77092402080345,0.4210287638857875,0.4274470527018136,True,32.787025260350845,-9999,[],False,False,False,False
121,2176,512,85.85888671478286,36.95418274469136,False,False,256.0,256.0,-9999.0,-9999.0,-9999.0,-9999.0,-9999.0,-9999.0,-9999.0,-9999.0,-9999,-9999.0,No match found in the given window.,[],-9999,-9999,-9999,-9999
122,2304,512,87.13888671478286,36.95418274469136,False,False,256.0,256.0,-9999.0,-9999.0,-9999.0,-9999.0,-9999.0,-9999.0,-9999.0,-9999.0,-9999,-9999.0,No match found in the given window.,[],-9999,-9999,-9999,-9999
123,2432,512,88.41888671478286,36.95418274469136,False,False,256.0,256.0,-87.7246829867363,-28.353254050016403,-0.8772468298673601,0.2835325405001612,0.9219287944493374,107.91120897999562,0.27368857152635084,0.42321526115833985,True,51.68739298199432,-9999,[],False,False,False,False
124,2560,512,89.69888671478286,36.95418274469136,False,False,256.0,256.0,-9999.0,-9999.0,-9999.0,-9999.0,-9999.0,-9999.0,-9999.0,-9999.0,-9999,-9999.0,No match found in the given window.,[],-9999,-9999,-9999,-9999
125,2688,512,90.97888671478286,36.95418274469136,False,False,256.0,256.0,-9999.0,-9999.0,-9999.0,-9999.0,-9999.0,-9999.0,-9999.0,-9999.0,-9999,-9999.0,No match found in the given window.,[],-9999,-9999,-9999,-9999
126,2816,512,92.25888671478285,36.95418274469136,False,False,242.0,242.0,0.15398971736431122,0.18734291195869446,0.0015398971736431122,-0.0018734291195841024,0.0024250814360552327,320.58091891818293,0.3114348124072784,0.3127419774795571,True,0.0,-9999,[],False,False,False,False
127,2944,512,93.53888671478285,36.95418274469136,False,False,190.0,190.0,-17.691841304302216,-0.29671400785446167,-0.17691841304301903,0.002967140078546038,0.17694329259371772,90.96083083825226,0.253740466962665,0.2285821763342502,False,35.268467007234605,-9999,[],False,True,False,True
128,3072,512,94.81888671478285,36.95418274469136,False,False,134.0,136.0,-9999.0,-9999.0,-9999.0,-9999.0,-9999.0,-9999.0,-9999.0,-9999.0,-9999,-9999.0,No match found in the given window.,[],-9999,-9999,-9999,-9999
136,768,640,71.77888671478286,35.67418274469136,False,False,122.0,122.0,7.419839709997177,0.1593240648508072,0.07419839709997689,-0.0015932406485106299,0.0742155007257239,271.23010661138994,0.03351844565276841,0.06544923982103358,True,0.0,-9999,[],False,False,False,False
137,896,640,73.05888671478286,35.67418274469136,False,False,256.0,256.0,-9999.0,-9999.0,-9999.0,-9999.0,-9999.0,-9999.0,-9999.0,-9999.0,-9999,-9999.0,No match found in the given window.,[],-9999,-9999,-9999,-9999
138,1024,640,74.33888671478286,35.67418274469136,False,False,256.0,256.0,-0.1926276832818985,-0.18242447078227997,-0.001922607421875,0.00182342529296875,0.0026497733779251575,133.44168090820312,0.0363154754541129,0.03591844178376288,False,0.0,-9999,[],False,True,False,True
139,1152,640,75.61888671478286,35.67418274469136,False,False,256.0,256.0,-0.37313205003738403,-0.43848344683647156,-0.00373077392578125,0.004383087158203125,0.005755877587944269,139.60354614257812,0.028425873308598745,0.02643657069565797,False,18.286358216436554,-9999,[],False,True,False,True
140,1280,640,76.89888671478285,35.67418274469136,False,False,256.0,256.0,-9999.0,-9999.0,-9999.0,-9999.0,-9999.0,-9999.0,-9999.0,-9999.0,-9999,-9999.0,No match found in the given window.,[],-9999,-9999,-9999,-9999
141,1408,640,78.17888671478285,35.67418274469136,False,False,256.0,256.0,-9999.0,-9999.0,-9999.0,-9999.0,-9999.0,-9999.0,-9999.0,-9999.0,-9999,-9999.0,No match found in the given window.,[],-9999,-9999,-9999,-9999
142,1536,640,79.45888671478285,35.67418274469136,False,False,256.0,256.0,-9999.0,-9999.0,-9999.0,-9999.0,-9999.0,-9999.0,-9999.0,-9999.0,-9999,-9999.0,The matching window became too small for calculating a reliable match. Matching failed.,[],-9999,-9999,-9999,-9999
143,1664,640,80.73888671478285,35.67418274469136,False,False,256.0,256.0,0.1048174723982811,-107.80247068405151,0.0010481747239765582,1.078024706840516,1.0780252164160318,180.05570926952788,0.20855327017357786,0.1434307465271128,False,14.68656361545581,-9999,[],False,True,False,True
144,1792,640,82.01888671478285,35.67418274469136,False,False,256.0,256.0,-9999.0,-9999.0,-9999.0,-9999.0,-9999.0,-9999.0,-9999.0,-9999.0,-9999,-9999.0,No match found in the given window.,[],-9999,-9999,-9999,-9999
145,1920,640,83.29888671478285,35.67418274469136,False,False,256.0,256.0,-9999.0,-9999.0,-9999.0,-9999.0,-9999.0,-9999.0,-9999.0,-9999.0,-9999,-9999.0,No match found in the given window.,[],-9999,-9999,-9999,-9999
146,2048,640,84.57888671478285,35.67418274469136,False,False,256.0,256.0,-9999.0,-9999.0,-9999.0,-9999.0,-9999.0,-9999.0,-9999.0,-9999.0,-9999,-9999.0,No match found in the given window.,[],-9999,-9999,-9999,-9999
147,2176,640,85.85888671478286,35.67418274469136,False,False,256.0,256.0,-9999.0,-9999.0,-9999.0,-9999.0,-9999.0,-9999.0,-9999.0,-9999.0,-9999,-9999.0,No match found in the given window.,[],-9999,-9999,-9999,-9999
148,2304,640,87.13888671478286,35.67418274469136,False,False,256.0,256.0,-9999.0,-9999.0,-9999.0,-9999.0,-9999.0,-9999.0,-9999.0,-9999.0,-9999,-9999.0,No match found in the given window.,[],-9999,-9999,-9999,-9999
149,2432,640,88.41888671478286,35.67418274469136,False,False,256.0,256.0,-9999.0,-9999.0,-9999.0,-9999.0,-9999.0,-9999.0,-9999.0,-9999.0,-9999,-9999.0,No match found in the given window.,[],-9999,-9999,-9999,-9999
150,2560,640,89.69888671478286,35.67418274469136,False,False,256.0,256.0,-9999.0,-9999.0,-9999.0,-9999.0,-9999.0,-9999.0,-9999.0,-9999.0,-9999,-9999.0,No match found in the given window.,[],-9999,-9999,-9999,-9999
151,2688,640,90.97888671478286,35.67418274469136,False,False,256.0,256.0,-9999.0,-9999.0,-9999.0,-9999.0,-9999.0,-9999.0,-9999.0,-9999.0,-9999,-9999.0,No match found in the given window.,[],-9999,-9999,-9999,-9999
152,2816,640,92.25888671478285,35.67418274469136,False,False,256.0,256.0,-9999.0,-9999.0,-9999.0,-9999.0,-9999.0,-9999.0,-9999.0,-9999.0,-9999,-9999.0,No match found in the given window.,[],-9999,-9999,-9999,-9999
153,2944,640,93.53888671478285,35.67418274469136,False,False,256.0,256.0,-9999.0,-9999.0,-9999.0,-9999.0,-9999.0,-9999.0,-9999.0,-9999.0,-9999,-9999.0,No match found in the given window.,[],-9999,-9999,-9999,-9999
154,3072,640,94.81888671478285,35.67418274469136,False,False,112.0,114.0,-9999.0,-9999.0,-9999.0,-9999.0,-9999.0,-9999.0,-9999.0,-9999.0,-9999,-9999.0,No match found in the given window.,[],-9999,-9999,-9999,-9999
162,768,768,71.77888671478286,34.394182744691356,False,False,166.0,166.0,0.2548292875289917,-0.29694703221321106,0.0025482177734375,0.00296783447265625,0.003911707550287247,220.635009765625,0.1489423958016351,0.1528837156141565,True,0.0,-9999,[],False,False,False,False
163,896,768,73.05888671478286,34.394182744691356,False,False,256.0,256.0,-9999.0,-9999.0,-9999.0,-9999.0,-9999.0,-9999.0,-9999.0,-9999.0,-9999,-9999.0,No match found in the given window.,[],-9999,-9999,-9999,-9999
164,1024,768,74.33888671478286,34.394182744691356,False,False,256.0,256.0,-9999.0,-9999.0,-9999.0,-9999.0,-9999.0,-9999.0,-9999.0,-9999.0,-9999,-9999.0,No match found in the given window.,[],-9999,-9999,-9999,-9999
165,1152,768,75.61888671478286,34.394182744691356,False,False,256.0,256.0,-0.2537039816379547,0.20840562880039215,-0.00254058837890625,-0.00208282470703125,0.0032852317672222853,50.59853744506836,0.0326810548351253,0.03275265410847944,True,0.0,-9999,[],False,False,False,False
166,1280,768,76.89888671478285,34.394182744691356,False,False,256.0,256.0,117.26218691468239,17.313019424676895,1.1726218691468233,-0.17313019424676668,1.1853337555985288,278.39868315616593,0.05194680832749242,0.21988581530481388,True,19.58031748634383,-9999,[],False,False,False,False
167,1408,768,78.17888671478285,34.394182744691356,False,False,256.0,256.0,0.1563858538866043,0.2772015333175659,0.00156402587890625,-0.002773284912109375,0.003183910623192787,330.570068359375,0.0737293935286653,0.07372585825491608,False,0.0,-9999,[],False,True,False,True
168,1536,768,79.45888671478285,34.394182744691356,False,False,256.0,256.0,-9999.0,-9999.0,-9999.0,-9999.0,-9999.0,-9999.0,-9999.0,-9999.0,-9999,-9999.0,No match found in the given window.,[],-9999,-9999,-9999,-9999
169,1664,768,80.73888671478285,34.394182744691356,False,False,256.0,256.0,-9999.0,-9999.0,-9999.0,-9999.0,-9999.0,-9999.0,-9999.0,-9999.0,-9999,-9999.0,No match found in the given window.,[],-9999,-9999,-9999,-9999
170,1792,768,82.01888671478285,34.394182744691356,False,False,256.0,256.0,-9999.0,-9999.0,-9999.0,-9999.0,-9999.0,-9999.0,-9999.0,-9999.0,-9999,-9999.0,No match found in the given window.,[],-9999,-9999,-9999,-9999
171,1920,768,83.29888671478285,34.394182744691356,False,False,256.0,256.0,-9999.0,-9999.0,-9999.0,-9999.0,-9999.0,-9999.0,-9999.0,-9999.0,-9999,-9999.0,No match found in the given window.,[],-9999,-9999,-9999,-9999
172,2048,768,84.57888671478285,34.394182744691356,False,False,256.0,256.0,-9999.0,-9999.0,-9999.0,-9999.0,-9999.0,-9999.0,-9999.0,-9999.0,-9999,-9999.0,No match found in the given window.,[],-9999,-9999,-9999,-9999
173,2176,768,85.85888671478286,34.394182744691356,False,False,256.0,256.0,-9999.0,-9999.0,-9999.0,-9999.0,-9999.0,-9999.0,-9999.0,-9999.0,-9999,-9999.0,No match found in the given window.,[],-9999,-9999,-9999,-9999
174,2304,768,87.13888671478286,34.394182744691356,False,False,256.0,256.0,-9999.0,-9999.0,-9999.0,-9999.0,-9999.0,-9999.0,-9999.0,-9999.0,-9999,-9999.0,No match found in the given window.,[],-9999,-9999,-9999,-9999
175,2432,768,88.41888671478286,34.394182744691356,False,False,256.0,256.0,-9999.0,-9999.0,-9999.0,-9999.0,-9999.0,-9999.0,-9999.0,-9999.0,-9999,-9999.0,No match found in the given window.,[],-9999,-9999,-9999,-9999
176,2560,768,89.69888671478286,34.394182744691356,False,False,256.0,256.0,-9999.0,-9999.0,-9999.0,-9999.0,-9999.0,-9999.0,-9999.0,-9999.0,-9999,-9999.0,No match found in the given window.,[],-9999,-9999,-9999,-9999
177,2688,768,90.97888671478286,34.394182744691356,False,False,256.0,256.0,-9999.0,-9999.0,-9999.0,-9999.0,-9999.0,-9999.0,-9999.0,-9999.0,-9999,-9999.0,No match found in the given window.,[],-9999,-9999,-9999,-9999
178,2816,768,92.25888671478285,34.394182744691356,False,False,256.0,256.0,-9999.0,-9999.0,-9999.0,-9999.0,-9999.0,-9999.0,-9999.0,-9999.0,-9999,-9999.0,No match found in the given window.,[],-9999,-9999,-9999,-9999
179,2944,768,93.53888671478285,34.394182744691356,False,False,236.0,236.0,-9999.0,-9999.0,-9999.0,-9999.0,-9999.0,-9999.0,-9999.0,-9999.0,-9999,-9999.0,No match found in the given window.,[],-9999,-9999,-9999,-9999
180,3072,768,94.81888671478285,34.394182744691356,False,False,98.0,100.0,-9999.0,-9999.0,-9999.0,-9999.0,-9999.0,-9999.0,-9999.0,-9999.0,-9999,-9999.0,No match found in the given window.,[],-9999,-9999,-9999,-9999
188,768,896,71.77888671478286,33.114182744691355,False,False,210.0,210.0,-9999.0,-9999.0,-9999.0,-9999.0,-9999.0,-9999.0,-9999.0,-9999.0,-9999,-9999.0,No match found in the given window.,[],-9999,-9999,-9999,-9999
189,896,896,73.05888671478286,33.114182744691355,False,False,256.0,256.0,-9999.0,-9999.0,-9999.0,-9999.0,-9999.0,-9999.0,-9999.0,-9999.0,-9999,-9999.0,No match found in the given window.,[],-9999,-9999,-9999,-9999
190,1024,896,74.33888671478286,33.114182744691355,False,False,256.0,256.0,-9999.0,-9999.0,-9999.0,-9999.0,-9999.0,-9999.0,-9999.0,-9999.0,-9999,-9999.0,No match found in the given window.,[],-9999,-9999,-9999,-9999
191,1152,896,75.61888671478286,33.114182744691355,False,False,256.0,256.0,-9999.0,-9999.0,-9999.0,-9999.0,-9999.0,-9999.0,-9999.0,-9999.0,-9999,-9999.0,No match found in the given window.,[],-9999,-9999,-9999,-9999
192,1280,896,76.89888671478285,33.114182744691355,False,False,256.0,256.0,-9999.0,-9999.0,-9999.0,-9999.0,-9999.0,-9999.0,-9999.0,-9999.0,-9999,-9999.0,No match found in the given window.,[],-9999,-9999,-9999,-9999
193,1408,896,78.17888671478285,33.114182744691355,False,False,256.0,256.0,-9999.0,-9999.0,-9999.0,-9999.0,-9999.0,-9999.0,-9999.0,-9999.0,-9999,-9999.0,No match found in the given window.,[],-9999,-9999,-9999,-9999
194,1536,896,79.45888671478285,33.114182744691355,False,False,256.0,256.0,-9999.0,-9999.0,-9999.0,-9999.0,-9999.0,-9999.0,-9999.0,-9999.0,-9999,-9999.0,No match found in the given window.,[],-9999,-9999,-9999,-9999
195,1664,896,80.73888671478285,33.114182744691355,False,False,256.0,256.0,-9999.0,-9999.0,-9999.0,-9999.0,-9999.0,-9999.0,-9999.0,-9999.0,-9999,-9999.0,No match found in the given window.,[],-9999,-9999,-9999,-9999
196,1792,896,82.01888671478285,33.114182744691355,False,False,256.0,256.0,-9999.0,-9999.0,-9999.0,-9999.0,-9999.0,-9999.0,-9999.0,-9999.0,-9999,-9999.0,No match found in the given window.,[],-9999,-9999,-9999,-9999
197,1920,896,83.29888671478285,33.114182744691355,False,False,256.0,256.0,-9999.0,-9999.0,-9999.0,-9999.0,-9999.0,-9999.0,-9999.0,-9999.0,-9999,-9999.0,No match found in the given window.,[],-9999,-9999,-9999,-9999
198,2048,896,84.57888671478285,33.114182744691355,False,False,256.0,256.0,-9999.0,-9999.0,-9999.0,-9999.0,-9999.0,-9999.0,-9999.0,-9999.0,-9999,-9999.0,No match found in the given window.,[],-9999,-9999,-9999,-9999
199,2176,896,85.85888671478286,33.114182744691355,False,False,256.0,256.0,0.33290812373161316,-0.18419165909290314,0.003326416015625,0.001842498779296875,0.0038026103284209967,241.0450897216797,0.23513008861003984,0.2368366652567574,True,0.0,-9999,[],False,False,False,False
200,2304,896,87.13888671478286,33.114182744691355,False,False,256.0,256.0,-9999.0,-9999.0,-9999.0,-9999.0,-9999.0,-9999.0,-9999.0,-9999.0,-9999,-9999.0,No match found in the given window.,[],-9999,-9999,-9999,-9999
201,2432,896,88.41888671478286,33.114182744691355,False,False,256.0,256.0,-9999.0,-9999.0,-9999.0,-9999.0,-9999.0,-9999.0,-9999.0,-9999.0,-9999,-9999.0,No match found in the given window.,[],-9999,-9999,-9999,-9999
202,2560,896,89.69888671478286,33.114182744691355,False,False,256.0,256.0,-9999.0,-9999.0,-9999.0,-9999.0,-9999.0,-9999.0,-9999.0,-9999.0,-9999,-9999.0,No match found in the given window.,[],-9999,-9999,-9999,-9999
203,2688,896,90.97888671478286,33.114182744691355,False,False,256.0,256.0,-9999.0,-9999.0,-9999.0,-9999.0,-9999.0,-9999.0,-9999.0,-9999.0,-9999,-9999.0,No match found in the given window.,[],-9999,-9999,-9999,-9999
204,2816,896,92.25888671478285,33.114182744691355,False,False,256.0,256.0,-9999.0,-9999.0,-9999.0,-9999.0,-9999.0,-9999.0,-9999.0,-9999.0,-9999,-9999.0,No match found in the given window.,[],-9999,-9999,-9999,-9999
205,2944,896,93.53888671478285,33.114182744691355,False,False,170.0,170.0,5.290757775306702,-3.2669276893138885,0.052907577753060764,0.03266927689313803,0.06218113408757268,238.30557330762832,0.10242996447137336,0.09726395063434147,False,9.18114028335819,-9999,[],False,True,False,True
213,640,1024,70.49888671478286,31.834182744691354,False,False,100.0,100.0,-9999.0,-9999.0,-9999.0,-9999.0,-9999.0,-9999.0,-9999.0,-9999.0,-9999,-9999.0,No match found in the given window.,[],-9999,-9999,-9999,-9999
214,768,1024,71.77888671478286,31.834182744691354,False,False,254.0,254.0,-9999.0,-9999.0,-9999.0,-9999.0,-9999.0,-9999.0,-9999.0,-9999.0,-9999,-9999.0,"Caught a possible ProgrammingError at window position (np.float64(71.77888671478286), np.float64(31.834182744691354)): Bad output of get_image_windows_to_match. Reference image shape is (254, 254) whereas shift image shape is (256, 256).",[],-9999,-9999,-9999,-9999
215,896,1024,73.05888671478286,31.834182744691354,False,False,256.0,256.0,-9999.0,-9999.0,-9999.0,-9999.0,-9999.0,-9999.0,-9999.0,-9999.0,-9999,-9999.0,The matching window became too small for calculating a reliable match. Matching failed.,[],-9999,-9999,-9999,-9999
216,1024,1024,74.33888671478286,31.834182744691354,False,False,256.0,256.0,0.27144575119018555,-0.19576691091060638,0.002716064453125,0.001956939697265625,0.0033476289827376604,234.20083618164062,0.3519488170088075,0.3527248206662375,True,0.0,-9999,[],False,False,False,False
217,1152,1024,75.61888671478286,31.834182744691354,False,False,256.0,256.0,-9999.0,-9999.0,-9999.0,-9999.0,-9999.0,-9999.0,-9999.0,-9999.0,-9999,-9999.0,No match found in the given window.,[],-9999,-9999,-9999,-9999
218,1280,1024,76.89888671478285,31.834182744691354,False,False,256.0,256.0,-9999.0,-9999.0,-9999.0,-9999.0,-9999.0,-9999.0,-9999.0,-9999.0,-9999,-9999.0,No match found in the given window.,[],-9999,-9999,-9999,-9999
219,1408,1024,78.17888671478285,31.834182744691354,False,False,256.0,256.0,-0.30000999569892883,-0.4379042088985443,-0.00299835205078125,0.0043792724609375,0.005307366605848074,145.58480834960938,0.06965618963457387,0.06925351508437591,False,28.332231824454468,-9999,[],False,True,False,True
220,1536,1024,79.45888671478285,31.834182744691354,False,False,256.0,256.0,-9999.0,-9999.0,-9999.0,-9999.0,-9999.0,-9999.0,-9999.0,-9999.0,-9999,-9999.0,No match found in the given window.,[],-9999,-9999,-9999,-9999
221,1664,1024,80.73888671478285,31.834182744691354,False,False,256.0,256.0,-59.640686959028244,-0.44475263357162476,-0.5964068695902824,0.0044475263357171,0.5964234524102712,90.42725826591834,0.12732997118961836,0.11138283974713473,False,14.155916248165454,-9999,[],False,True,False,True
222,1792,1024,82.01888671478285,31.834182744691354,False,False,256.0,256.0,-9999.0,-9999.0,-9999.0,-9999.0,-9999.0,-9999.0,-9999.0,-9999.0,-9999,-9999.0,No match found in the given window.,[],-9999,-9999,-9999,-9999
223,1920,1024,83.29888671478285,31.834182744691354,False,False,256.0,256.0,-9999.0,-9999.0,-9999.0,-9999.0,-9999.0,-9999.0,-9999.0,-9999.0,-9999,-9999.0,No match found in the given window.,[],-9999,-9999,-9999,-9999
224,2048,1024,84.57888671478285,31.834182744691354,False,False,256.0,256.0,-9999.0,-9999.0,-9999.0,-9999.0,-9999.0,-9999.0,-9999.0,-9999.0,-9999,-9999.0,No match found in the given window.,[],-9999,-9999,-9999,-9999
225,2176,1024,85.85888671478286,31.834182744691354,False,False,256.0,256.0,0.4205872714519501,-0.4384602904319763,0.0042058727145217745,0.004384602904316637,0.006075698142543016,223.80809762205604,0.15908363767461572,0.16492106687610905,True,41.64176736550442,-9999,[],False,False,False,False
226,2304,1024,87.13888671478286,31.834182744691354,False,False,256.0,256.0,-9999.0,-9999.0,-9999.0,-9999.0,-9999.0,-9999.0,-9999.0,-9999.0,-9999,-9999.0,The matching window became too small for calculating a reliable match. Matching failed.,[],-9999,-9999,-9999,-9999
227,2432,1024,88.41888671478286,31.834182744691354,False,False,256.0,256.0,-9999.0,-9999.0,-9999.0,-9999.0,-9999.0,-9999.0,-9999.0,-9999.0,-9999,-9999.0,No match found in the given window.,[],-9999,-9999,-9999,-9999
228,2560,1024,89.69888671478286,31.834182744691354,False,False,256.0,256.0,-9999.0,-9999.0,-9999.0,-9999.0,-9999.0,-9999.0,-9999.0,-9999.0,-9999,-9999.0,The matching window became too small for calculating a reliable match. Matching failed.,[],-9999,-9999,-9999,-9999
229,2688,1024,90.97888671478286,31.834182744691354,False,False,256.0,256.0,0.07805861532688141,-0.13017500936985016,0.0007781982421875,0.001300811767578125,0.001515817828476429,210.94874572753906,0.1377545010227582,0.13818877011339717,True,0.0,-9999,[],False,False,False,False
230,2816,1024,92.25888671478285,31.834182744691354,False,False,256.0,256.0,-9999.0,-9999.0,-9999.0,-9999.0,-9999.0,-9999.0,-9999.0,-9999.0,-9999,-9999.0,No match found in the given window.,[],-9999,-9999,-9999,-9999
231,2944,1024,93.53888671478285,31.834182744691354,False,False,104.0,104.0,-9999.0,-9999.0,-9999.0,-9999.0,-9999.0,-9999.0,-9999.0,-9999.0,-9999,-9999.0,No match found in the given window.,[],-9999,-9999,-9999,-9999
239,640,1152,70.49888671478286,30.554182744691357,False,False,100.0,100.0,-0.19924220442771912,-0.4600398540496826,-0.00199127197265625,0.00460052490234375,0.005012982524931431,156.5826873779297,0.12296654612039017,0.12566146341775972,True,0.0,-9999,[],False,False,False,False
240,768,1152,71.77888671478286,30.554182744691357,False,False,256.0,256.0,1.2923837304115295,-32.894559890031815,0.012923837304114727,0.3289455989003187,0.32919938123658826,182.24991817867792,0.17472306289290565,0.15717006035691486,False,0.0,-9999,[],False,True,False,True
241,896,1152,73.05888671478286,30.554182744691357,False,False,256.0,256.0,0.35413849353790283,-0.21385392546653748,0.0035400390625,0.002140045166015625,0.004136625211685896,238.87344360351562,0.21915444185371274,0.21870309315350595,False,0.0,-9999,[],False,True,False,True
242,1024,1152,74.33888671478286,30.554182744691357,False,False,256.0,256.0,-9999.0,-9999.0,-9999.0,-9999.0,-9999.0,-9999.0,-9999.0,-9999.0,-9999,-9999.0,No match found in the given window.,[],-9999,-9999,-9999,-9999
243,1152,1152,75.61888671478286,30.554182744691357,False,False,256.0,256.0,-9999.0,-9999.0,-9999.0,-9999.0,-9999.0,-9999.0,-9999.0,-9999.0,-9999,-9999.0,No match found in the given window.,[],-9999,-9999,-9999,-9999
244,1280,1152,76.89888671478285,30.554182744691357,False,False,256.0,256.0,-9999.0,-9999.0,-9999.0,-9999.0,-9999.0,-9999.0,-9999.0,-9999.0,-9999,-9999.0,No match found in the given window.,[],-9999,-9999,-9999,-9999
245,1408,1152,78.17888671478285,30.554182744691357,False,False,256.0,256.0,0.8542338758707047,46.22060453891754,0.008542338758701362,-0.4622060453891734,0.46228497698472426,358.9411989565977,0.13241059143126294,0.1257738039812289,False,46.257022321123465,-9999,[],False,True,False,True
246,1536,1152,79.45888671478285,30.554182744691357,False,False,256.0,256.0,-0.251602441072464,116.81310597062111,-0.0025160244107240715,-1.1681310597062122,1.1681337693214735,0.12340854715072774,0.09889415767248452,0.07082603909014377,False,0.0,-9999,[],False,True,False,True
247,1664,1152,80.73888671478285,30.554182744691357,False,False,256.0,256.0,-9999.0,-9999.0,-9999.0,-9999.0,-9999.0,-9999.0,-9999.0,-9999.0,-9999,-9999.0,No match found in the given window.,[],-9999,-9999,-9999,-9999
248,1792,1152,82.01888671478285,30.554182744691357,False,False,256.0,256.0,-9999.0,-9999.0,-9999.0,-9999.0,-9999.0,-9999.0,-9999.0,-9999.0,-9999,-9999.0,No match found in the given window.,[],-9999,-9999,-9999,-9999
249,1920,1152,83.29888671478285,30.554182744691357,False,False,256.0,256.0,-9999.0,-9999.0,-9999.0,-9999.0,-9999.0,-9999.0,-9999.0,-9999.0,-9999,-9999.0,No match found in the given window.,[],-9999,-9999,-9999,-9999
250,2048,1152,84.57888671478285,30.554182744691357,False,False,256.0,256.0,-9999.0,-9999.0,-9999.0,-9999.0,-9999.0,-9999.0,-9999.0,-9999.0,-9999,-9999.0,No match found in the given window.,[],-9999,-9999,-9999,-9999
251,2176,1152,85.85888671478286,30.554182744691357,False,False,256.0,256.0,-9999.0,-9999.0,-9999.0,-9999.0,-9999.0,-9999.0,-9999.0,-9999.0,-9999,-9999.0,No match found in the given window.,[],-9999,-9999,-9999,-9999
252,2304,1152,87.13888671478286,30.554182744691357,False,False,256.0,256.0,-9999.0,-9999.0,-9999.0,-9999.0,-9999.0,-9999.0,-9999.0,-9999.0,-9999,-9999.0,No match found in the given window.,[],-9999,-9999,-9999,-9999
253,2432,1152,88.41888671478286,30.554182744691357,False,False,256.0,256.0,-45.176955461502075,112.82692237198353,-0.45176955461501933,-1.1282692237198333,1.215354751367027,21.82162597637949,0.19316115035297213,0.11435635802280632,False,0.0,-9999,[],False,True,False,True
254,2560,1152,89.69888671478286,30.554182744691357,False,False,256.0,256.0,-9999.0,-9999.0,-9999.0,-9999.0,-9999.0,-9999.0,-9999.0,-9999.0,-9999,-9999.0,No match found in the given window.,[],-9999,-9999,-9999,-9999
255,2688,1152,90.97888671478286,30.554182744691357,False,False,256.0,256.0,-9999.0,-9999.0,-9999.0,-9999.0,-9999.0,-9999.0,-9999.0,-9999.0,-9999,-9999.0,No match found in the given window.,[],-9999,-9999,-9999,-9999
256,2816,1152,92.25888671478285,30.554182744691357,False,False,228.0,228.0,-9999.0,-9999.0,-9999.0,-9999.0,-9999.0,-9999.0,-9999.0,-9999.0,-9999,-9999.0,No match found in the given window.,[],-9999,-9999,-9999,-9999
257,2944,1152,93.53888671478285,30.554182744691357,False,False,100.0,100.0,-0.24458341300487518,0.16430878639221191,-0.00244903564453125,-0.001644134521484375,0.0029497379437088966,56.1071662902832,0.10021467630025196,0.10317026438905871,True,0.0,-9999,[],False,False,False,False
265,640,1280,70.49888671478286,29.274182744691355,False,False,124.0,124.0,-9999.0,-9999.0,-9999.0,-9999.0,-9999.0,-9999.0,-9999.0,-9999.0,-9999,-9999.0,No match found in the given window.,[],-9999,-9999,-9999,-9999
266,768,1280,71.77888671478286,29.274182744691355,False,False,256.0,256.0,0.14418689906597137,0.23423048853874207,0.001441868990653461,-0.0023423048853885575,0.002750523288816718,328.38450376466193,0.1842015508599227,0.18382952621478948,False,0.0,-9999,[],False,True,False,True
267,896,1280,73.05888671478286,29.274182744691355,False,False,256.0,256.0,-9999.0,-9999.0,-9999.0,-9999.0,-9999.0,-9999.0,-9999.0,-9999.0,-9999,-9999.0,No match found in the given window.,[],-9999,-9999,-9999,-9999
268,1024,1280,74.33888671478286,29.274182744691355,False,False,256.0,256.0,0.049729421734809875,0.3679315149784088,0.0004972942173537831,-0.0036793151497818144,0.0037127700588681072,352.3025800463636,0.19228474177471014,0.19301144304567772,True,10.486704010810357,-9999,[],False,False,False,False
269,1152,1280,75.61888671478286,29.274182744691355,False,False,256.0,256.0,0.2091822773218155,-0.43816474080085754,0.0020918227732238392,0.004381647408010281,0.004855363685935492,205.52006820113678,0.2177824035032093,0.21844442384147988,True,34.571224581087435,-9999,[],False,False,False,False
270,1280,1280,76.89888671478285,29.274182744691355,False,False,256.0,256.0,-9999.0,-9999.0,-9999.0,-9999.0,-9999.0,-9999.0,-9999.0,-9999.0,-9999,-9999.0,No match found in the given window.,[],-9999,-9999,-9999,-9999
271,1408,1280,78.17888671478285,29.274182744691355,False,False,256.0,256.0,-0.27530914545059204,0.12885966897010803,-0.00275421142578125,-0.00128936767578125,0.0030410769395530224,64.91783905029297,0.3276460501370825,0.3269354169361611,False,29.1893605799102,-9999,[],False,True,False,True
272,1536,1280,79.45888671478285,29.274182744691355,False,False,256.0,256.0,-9999.0,-9999.0,-9999.0,-9999.0,-9999.0,-9999.0,-9999.0,-9999.0,-9999,-9999.0,No match found in the given window.,[],-9999,-9999,-9999,-9999
273,1664,1280,80.73888671478285,29.274182744691355,False,False,256.0,256.0,-0.0875399261713028,0.301220178604126,-0.0008753992617158701,-0.0030122017860421124,0.0031368269743879693,16.20480155926371,0.05800397387503216,0.05707396579609791,False,15.731965362132456,-9999,[],False,True,False,True
274,1792,1280,82.01888671478285,29.274182744691355,False,False,256.0,256.0,0.43785375356674194,0.459786057472229,0.0043792724609375,-0.004596710205078125,0.006348840426653624,316.399658203125,0.06498301263457941,0.0659824685696243,True,42.120306429830656,-9999,[],False,False,False,False
275,1920,1280,83.29888671478285,29.274182744691355,False,False,256.0,256.0,-9999.0,-9999.0,-9999.0,-9999.0,-9999.0,-9999.0,-9999.0,-9999.0,-9999,-9999.0,No match found in the given window.,[],-9999,-9999,-9999,-9999
276,2048,1280,84.57888671478285,29.274182744691355,False,False,256.0,256.0,-9999.0,-9999.0,-9999.0,-9999.0,-9999.0,-9999.0,-9999.0,-9999.0,-9999,-9999.0,No match found in the given window.,[],-9999,-9999,-9999,-9999
277,2176,1280,85.85888671478286,29.274182744691355,False,False,256.0,256.0,-9999.0,-9999.0,-9999.0,-9999.0,-9999.0,-9999.0,-9999.0,-9999.0,-9999,-9999.0,No match found in the given window.,[],-9999,-9999,-9999,-9999
278,2304,1280,87.13888671478286,29.274182744691355,False,False,256.0,256.0,-9999.0,-9999.0,-9999.0,-9999.0,-9999.0,-9999.0,-9999.0,-9999.0,-9999,-9999.0,No match found in the given window.,[],-9999,-9999,-9999,-9999
279,2432,1280,88.41888671478286,29.274182744691355,False,False,256.0,256.0,-9999.0,-9999.0,-9999.0,-9999.0,-9999.0,-9999.0,-9999.0,-9999.0,-9999,-9999.0,No match found in the given window.,[],-9999,-9999,-9999,-9999
280,2560,1280,89.69888671478286,29.274182744691355,False,False,256.0,256.0,0.30930280685424805,-0.16850705444812775,0.00308990478515625,0.00168609619140625,0.003520004451274872,241.41860961914062,0.0734696545868016,0.07448052603785175,True,0.0,-9999,[],False,False,False,False
281,2688,1280,90.97888671478286,29.274182744691355,False,False,256.0,256.0,-9999.0,-9999.0,-9999.0,-9999.0,-9999.0,-9999.0,-9999.0,-9999.0,-9999,-9999.0,The matching window became too small for calculating a reliable match. Matching failed.,[],-9999,-9999,-9999,-9999
282,2816,1280,92.25888671478285,29.274182744691355,False,False,164.0,164.0,-0.23193466663360596,0.14259576797485352,-0.0023193359375,-0.00142669677734375,0.002723009791225195,58.4163703918457,0.07775308896166405,0.07822480540616751,True,0.0,-9999,[],False,False,False,False
291,640,1408,70.49888671478286,27.994182744691358,False,False,168.0,168.0,0.36916711926460266,-0.2980189919471741,0.0036916711926409107,0.002980189919469467,0.004744467109242321,231.08696653967874,0.2938235168265668,0.281118538678286,False,0.0,-9999,[],False,True,False,True
292,768,1408,71.77888671478286,27.994182744691358,False,False,256.0,256.0,-9999.0,-9999.0,-9999.0,-9999.0,-9999.0,-9999.0,-9999.0,-9999.0,-9999,-9999.0,No match found in the given window.,[],-9999,-9999,-9999,-9999
293,896,1408,73.05888671478286,27.994182744691358,False,False,256.0,256.0,-9999.0,-9999.0,-9999.0,-9999.0,-9999.0,-9999.0,-9999.0,-9999.0,-9999,-9999.0,No match found in the given window.,[],-9999,-9999,-9999,-9999
294,1024,1408,74.33888671478286,27.994182744691358,False,False,256.0,256.0,-9999.0,-9999.0,-9999.0,-9999.0,-9999.0,-9999.0,-9999.0,-9999.0,-9999,-9999.0,No match found in the given window.,[],-9999,-9999,-9999,-9999
295,1152,1408,75.61888671478286,27.994182744691358,False,False,256.0,256.0,-0.12547792494297028,-0.23088088631629944,-0.001251220703125,0.002307891845703125,0.002625246299430728,151.47703552246094,0.2288846202251439,0.22903553641725707,True,0.0,-9999,[],False,False,False,False
296,1280,1408,76.89888671478285,27.994182744691358,False,False,256.0,256.0,-9999.0,-9999.0,-9999.0,-9999.0,-9999.0,-9999.0,-9999.0,-9999.0,-9999,-9999.0,No match found in the given window.,[],-9999,-9999,-9999,-9999
297,1408,1408,78.17888671478285,27.994182744691358,False,False,256.0,256.0,-9999.0,-9999.0,-9999.0,-9999.0,-9999.0,-9999.0,-9999.0,-9999.0,-9999,-9999.0,No match found in the given window.,[],-9999,-9999,-9999,-9999
298,1536,1408,79.45888671478285,27.994182744691358,False,False,256.0,256.0,-9999.0,-9999.0,-9999.0,-9999.0,-9999.0,-9999.0,-9999.0,-9999.0,-9999,-9999.0,No match found in the given window.,[],-9999,-9999,-9999,-9999
299,1664,1408,80.73888671478285,27.994182744691358,False,False,256.0,256.0,-9999.0,-9999.0,-9999.0,-9999.0,-9999.0,-9999.0,-9999.0,-9999.0,-9999,-9999.0,No match found in the given window.,[],-9999,-9999,-9999,-9999
300,1792,1408,82.01888671478285,27.994182744691358,False,False,256.0,256.0,-9999.0,-9999.0,-9999.0,-9999.0,-9999.0,-9999.0,-9999.0,-9999.0,-9999,-9999.0,No match found in the given window.,[],-9999,-9999,-9999,-9999
301,1920,1408,83.29888671478285,27.994182744691358,False,False,256.0,256.0,-9999.0,-9999.0,-9999.0,-9999.0,-9999.0,-9999.0,-9999.0,-9999.0,-9999,-9999.0,No match found in the given window.,[],-9999,-9999,-9999,-9999
302,2048,1408,84.57888671478285,27.994182744691358,False,False,256.0,256.0,0.2584843337535858,13.360822319984436,0.002584843337530174,-0.13360822319984322,0.13363322461760285,358.8916689610827,0.09333199318598509,0.10580653978431658,True,25.411241263569124,-9999,[],False,False,False,False
303,2176,1408,85.85888671478286,27.994182744691358,False,False,256.0,256.0,-9999.0,-9999.0,-9999.0,-9999.0,-9999.0,-9999.0,-9999.0,-9999.0,-9999,-9999.0,No match found in the given window.,[],-9999,-9999,-9999,-9999
304,2304,1408,87.13888671478286,27.994182744691358,False,False,256.0,256.0,-9999.0,-9999.0,-9999.0,-9999.0,-9999.0,-9999.0,-9999.0,-9999.0,-9999,-9999.0,No match found in the given window.,[],-9999,-9999,-9999,-9999
305,2432,1408,88.41888671478286,27.994182744691358,False,False,256.0,256.0,-9999.0,-9999.0,-9999.0,-9999.0,-9999.0,-9999.0,-9999.0,-9999.0,-9999,-9999.0,No match found in the given window.,[],-9999,-9999,-9999,-9999
306,2560,1408,89.69888671478286,27.994182744691358,False,False,256.0,256.0,-9999.0,-9999.0,-9999.0,-9999.0,-9999.0,-9999.0,-9999.0,-9999.0,-9999,-9999.0,No match found in the given window.,[],-9999,-9999,-9999,-9999
307,2688,1408,90.97888671478286,27.994182744691358,False,False,256.0,256.0,-9999.0,-9999.0,-9999.0,-9999.0,-9999.0,-9999.0,-9999.0,-9999.0,-9999,-9999.0,The matching window became too small for calculating a reliable match. Matching failed.,[],-9999,-9999,-9999,-9999
308,2816,1408,92.25888671478285,27.994182744691358,False,False,100.0,100.0,0.27861377596855164,0.3515927195549011,0.00278472900390625,-0.00351715087890625,0.004486097022891045,321.60552978515625,0.06321811346402299,0.06304525548663613,False,0.0,-9999,[],False,True,False,True
317,640,1536,70.49888671478286,26.714182744691357,False,False,210.0,210.0,-9999.0,-9999.0,-9999.0,-9999.0,-9999.0,-9999.0,-9999.0,-9999.0,-9999,-9999.0,No match found in the given window.,[],-9999,-9999,-9999,-9999
318,768,1536,71.77888671478286,26.714182744691357,False,False,256.0,256.0,-9999.0,-9999.0,-9999.0,-9999.0,-9999.0,-9999.0,-9999.0,-9999.0,-9999,-9999.0,No match found in the given window.,[],-9999,-9999,-9999,-9999
319,896,1536,73.05888671478286,26.714182744691357,False,False,256.0,256.0,-9999.0,-9999.0,-9999.0,-9999.0,-9999.0,-9999.0,-9999.0,-9999.0,-9999,-9999.0,No match found in the given window.,[],-9999,-9999,-9999,-9999
320,1024,1536,74.33888671478286,26.714182744691357,False,False,256.0,256.0,-9999.0,-9999.0,-9999.0,-9999.0,-9999.0,-9999.0,-9999.0,-9999.0,-9999,-9999.0,No match found in the given window.,[],-9999,-9999,-9999,-9999
321,1152,1536,75.61888671478286,26.714182744691357,False,False,256.0,256.0,-9999.0,-9999.0,-9999.0,-9999.0,-9999.0,-9999.0,-9999.0,-9999.0,-9999,-9999.0,No match found in the given window.,[],-9999,-9999,-9999,-9999
322,1280,1536,76.89888671478285,26.714182744691357,False,False,256.0,256.0,-9999.0,-9999.0,-9999.0,-9999.0,-9999.0,-9999.0,-9999.0,-9999.0,-9999,-9999.0,No match found in the given window.,[],-9999,-9999,-9999,-9999
323,1408,1536,78.17888671478285,26.714182744691357,False,False,256.0,256.0,-9999.0,-9999.0,-9999.0,-9999.0,-9999.0,-9999.0,-9999.0,-9999.0,-9999,-9999.0,No match found in the given window.,[],-9999,-9999,-9999,-9999
324,1536,1536,79.45888671478285,26.714182744691357,False,False,256.0,256.0,-9999.0,-9999.0,-9999.0,-9999.0,-9999.0,-9999.0,-9999.0,-9999.0,-9999,-9999.0,No match found in the given window.,[],-9999,-9999,-9999,-9999
325,1664,1536,80.73888671478285,26.714182744691357,False,False,256.0,256.0,-9999.0,-9999.0,-9999.0,-9999.0,-9999.0,-9999.0,-9999.0,-9999.0,-9999,-9999.0,No match found in the given window.,[],-9999,-9999,-9999,-9999
326,1792,1536,82.01888671478285,26.714182744691357,False,False,256.0,256.0,-9999.0,-9999.0,-9999.0,-9999.0,-9999.0,-9999.0,-9999.0,-9999.0,-9999,-9999.0,No match found in the given window.,[],-9999,-9999,-9999,-9999
327,1920,1536,83.29888671478285,26.714182744691357,False,False,256.0,256.0,-9999.0,-9999.0,-9999.0,-9999.0,-9999.0,-9999.0,-9999.0,-9999.0,-9999,-9999.0,No match found in the given window.,[],-9999,-9999,-9999,-9999
328,2048,1536,84.57888671478285,26.714182744691357,False,False,256.0,256.0,-9999.0,-9999.0,-9999.0,-9999.0,-9999.0,-9999.0,-9999.0,-9999.0,-9999,-9999.0,No match found in the given window.,[],-9999,-9999,-9999,-9999
329,2176,1536,85.85888671478286,26.714182744691357,False,False,256.0,256.0,0.15455114841461182,-0.414125919342041,0.0015455114841529394,0.004141259193417568,0.004420252646027616,200.46549601626063,0.1391772804181989,0.1434645069574981,True,42.2830413402255,-9999,[],False,False,False,False
330,2304,1536,87.13888671478286,26.714182744691357,False,False,256.0,256.0,-9999.0,-9999.0,-9999.0,-9999.0,-9999.0,-9999.0,-9999.0,-9999.0,-9999,-9999.0,No match found in the given window.,[],-9999,-9999,-9999,-9999
331,2432,1536,88.41888671478286,26.714182744691357,False,False,256.0,256.0,-9999.0,-9999.0,-9999.0,-9999.0,-9999.0,-9999.0,-9999.0,-9999.0,-9999,-9999.0,No match found in the given window.,[],-9999,-9999,-9999,-9999
332,2560,1536,89.69888671478286,26.714182744691357,False,False,256.0,256.0,-9999.0,-9999.0,-9999.0,-9999.0,-9999.0,-9999.0,-9999.0,-9999.0,-9999,-9999.0,No match found in the given window.,[],-9999,-9999,-9999,-9999
333,2688,1536,90.97888671478286,26.714182744691357,False,False,228.0,228.0,46.19207155704498,17.236519068479538,0.461920715570443,-0.1723651906847934,0.49303195275044326,290.463002612476,0.06365784208732912,0.06900306665075866,True,0.0,-9999,[],False,False,False,False
334,2816,1536,92.25888671478285,26.714182744691357,False,False,100.0,100.0,-9999.0,-9999.0,-9999.0,-9999.0,-9999.0,-9999.0,-9999.0,-9999.0,-9999,-9999.0,No match found in the given window.,[],-9999,-9999,-9999,-9999
342,512,1664,69.21888671478285,25.434182744691356,False,False,100.0,100.0,-9999.0,-9999.0,-9999.0,-9999.0,-9999.0,-9999.0,-9999.0,-9999.0,-9999,-9999.0,No match found in the given window.,[],-9999,-9999,-9999,-9999
343,640,1664,70.49888671478286,25.434182744691356,False,False,252.0,252.0,-1.7508532404899597,0.24662339687347412,-0.017508532404903576,-0.0024662339687324675,0.01768137486062915,81.98212562099256,0.3646568932352537,0.3356023450412792,False,0.0,-9999,[],False,True,False,True
344,768,1664,71.77888671478286,25.434182744691356,False,False,256.0,256.0,-9999.0,-9999.0,-9999.0,-9999.0,-9999.0,-9999.0,-9999.0,-9999.0,-9999,-9999.0,No match found in the given window.,[],-9999,-9999,-9999,-9999
345,896,1664,73.05888671478286,25.434182744691356,False,False,256.0,256.0,-9999.0,-9999.0,-9999.0,-9999.0,-9999.0,-9999.0,-9999.0,-9999.0,-9999,-9999.0,No match found in the given window.,[],-9999,-9999,-9999,-9999
346,1024,1664,74.33888671478286,25.434182744691356,False,False,256.0,256.0,-0.16139771044254303,-99.31474384665489,-0.0016139771044265672,0.9931474384665506,0.9931487499135084,179.9068879490346,0.16267209086264764,0.14963777305464526,False,0.0,-9999,[],False,True,False,True
347,1152,1664,75.61888671478286,25.434182744691356,False,False,256.0,256.0,-9999.0,-9999.0,-9999.0,-9999.0,-9999.0,-9999.0,-9999.0,-9999.0,-9999,-9999.0,The matching window became too small for calculating a reliable match. Matching failed.,[],-9999,-9999,-9999,-9999
348,1280,1664,76.89888671478285,25.434182744691356,False,False,256.0,256.0,-0.12187304347753525,0.17472843825817108,-0.001220703125,-0.00174713134765625,0.0021313338074833155,34.89577102661133,0.1502958114806081,0.15072702785531228,True,0.0,-9999,[],False,False,False,False
349,1408,1664,78.17888671478285,25.434182744691356,False,False,256.0,256.0,-9999.0,-9999.0,-9999.0,-9999.0,-9999.0,-9999.0,-9999.0,-9999.0,-9999,-9999.0,No match found in the given window.,[],-9999,-9999,-9999,-9999
350,1536,1664,79.45888671478285,25.434182744691356,False,False,256.0,256.0,-9999.0,-9999.0,-9999.0,-9999.0,-9999.0,-9999.0,-9999.0,-9999.0,-9999,-9999.0,No match found in the given window.,[],-9999,-9999,-9999,-9999
351,1664,1664,80.73888671478285,25.434182744691356,False,False,256.0,256.0,-9999.0,-9999.0,-9999.0,-9999.0,-9999.0,-9999.0,-9999.0,-9999.0,-9999,-9999.0,No match found in the given window.,[],-9999,-9999,-9999,-9999
352,1792,1664,82.01888671478285,25.434182744691356,False,False,256.0,256.0,-9999.0,-9999.0,-9999.0,-9999.0,-9999.0,-9999.0,-9999.0,-9999.0,-9999,-9999.0,No match found in the given window.,[],-9999,-9999,-9999,-9999
353,1920,1664,83.29888671478285,25.434182744691356,False,False,256.0,256.0,-9999.0,-9999.0,-9999.0,-9999.0,-9999.0,-9999.0,-9999.0,-9999.0,-9999,-9999.0,No match found in the given window.,[],-9999,-9999,-9999,-9999
354,2048,1664,84.57888671478285,25.434182744691356,False,False,256.0,256.0,0.1576574742794037,0.04690060019493103,0.00157928466796875,-0.000469207763671875,0.0016475120792165399,286.56689453125,0.22239037380683171,0.22212428325423023,False,0.0,-9999,[],False,True,False,True
355,2176,1664,85.85888671478286,25.434182744691356,False,False,256.0,256.0,-9999.0,-9999.0,-9999.0,-9999.0,-9999.0,-9999.0,-9999.0,-9999.0,-9999,-9999.0,No match found in the given window.,[],-9999,-9999,-9999,-9999
356,2304,1664,87.13888671478286,25.434182744691356,False,False,256.0,256.0,-9999.0,-9999.0,-9999.0,-9999.0,-9999.0,-9999.0,-9999.0,-9999.0,-9999,-9999.0,No match found in the given window.,[],-9999,-9999,-9999,-9999
357,2432,1664,88.41888671478286,25.434182744691356,False,False,256.0,256.0,-9999.0,-9999.0,-9999.0,-9999.0,-9999.0,-9999.0,-9999.0,-9999.0,-9999,-9999.0,No match found in the given window.,[],-9999,-9999,-9999,-9999
358,2560,1664,89.69888671478286,25.434182744691356,False,False,256.0,256.0,-9999.0,-9999.0,-9999.0,-9999.0,-9999.0,-9999.0,-9999.0,-9999.0,-9999,-9999.0,No match found in the given window.,[],-9999,-9999,-9999,-9999
359,2688,1664,90.97888671478286,25.434182744691356,False,False,164.0,164.0,-9999.0,-9999.0,-9999.0,-9999.0,-9999.0,-9999.0,-9999.0,-9999.0,-9999,-9999.0,No match found in the given window.,[],-9999,-9999,-9999,-9999
368,512,1792,69.21888671478285,24.154182744691354,False,False,100.0,100.0,-9999.0,-9999.0,-9999.0,-9999.0,-9999.0,-9999.0,-9999.0,-9999.0,-9999,-9999.0,No match found in the given window.,[],-9999,-9999,-9999,-9999
369,640,1792,70.49888671478286,24.154182744691354,False,False,256.0,256.0,-0.12330111116170883,-0.1599932760000229,-0.0012330111116227727,0.0015999327600013658,0.002019926047634124,142.37984085356194,0.2743975894528617,0.2754857649765194,True,18.6592782953943,-9999,[],False,False,False,False
370,768,1792,71.77888671478286,24.154182744691354,False,False,256.0,256.0,0.2212674617767334,-0.2492755651473999,0.0022125244140625,0.002490997314453125,0.0033317161723971367,221.59361267089844,0.21557823134857493,0.21714643611041745,True,0.0,-9999,[],False,False,False,False
371,896,1792,73.05888671478286,24.154182744691354,False,False,256.0,256.0,-0.07668313384056091,0.3052385151386261,-0.0007668313384101566,-0.00305238515138484,0.0031472345660853696,14.102210300463742,0.17556631590643706,0.17479739029274888,False,41.475194963185636,-9999,[],False,True,False,True
372,1024,1792,74.33888671478286,24.154182744691354,False,False,256.0,256.0,-0.31212320923805237,0.2001040130853653,-0.00312042236328125,-0.002002716064453125,0.003707817057147622,57.33582305908203,0.13744202469669367,0.13655536704251664,False,0.0,-9999,[],False,True,False,True
373,1152,1792,75.61888671478286,24.154182744691354,False,False,256.0,256.0,-9999.0,-9999.0,-9999.0,-9999.0,-9999.0,-9999.0,-9999.0,-9999.0,-9999,-9999.0,No match found in the given window.,[],-9999,-9999,-9999,-9999
374,1280,1792,76.89888671478285,24.154182744691354,False,False,256.0,256.0,-9999.0,-9999.0,-9999.0,-9999.0,-9999.0,-9999.0,-9999.0,-9999.0,-9999,-9999.0,No match found in the given window.,[],-9999,-9999,-9999,-9999
375,1408,1792,78.17888671478285,24.154182744691354,False,False,256.0,256.0,-9999.0,-9999.0,-9999.0,-9999.0,-9999.0,-9999.0,-9999.0,-9999.0,-9999,-9999.0,No match found in the given window.,[],-9999,-9999,-9999,-9999
376,1536,1792,79.45888671478285,24.154182744691354,False,False,256.0,256.0,-9999.0,-9999.0,-9999.0,-9999.0,-9999.0,-9999.0,-9999.0,-9999.0,-9999,-9999.0,No match found in the given window.,[],-9999,-9999,-9999,-9999
377,1664,1792,80.73888671478285,24.154182744691354,False,False,256.0,256.0,-9999.0,-9999.0,-9999.0,-9999.0,-9999.0,-9999.0,-9999.0,-9999.0,-9999,-9999.0,No match found in the given window.,[],-9999,-9999,-9999,-9999
378,1792,1792,82.01888671478285,24.154182744691354,False,False,256.0,256.0,-9999.0,-9999.0,-9999.0,-9999.0,-9999.0,-9999.0,-9999.0,-9999.0,-9999,-9999.0,The matching window became too small for calculating a reliable match. Matching failed.,[],-9999,-9999,-9999,-9999
379,1920,1792,83.29888671478285,24.154182744691354,False,False,256.0,256.0,-89.86823789775372,65.19646908342838,-0.89868237897754,-0.6519646908342835,1.11026482263439,54.040341795474866,0.1774082829438367,0.18305481386512923,True,0.0,-9999,[],False,False,False,False
380,2048,1792,84.57888671478285,24.154182744691354,False,False,256.0,256.0,-9999.0,-9999.0,-9999.0,-9999.0,-9999.0,-9999.0,-9999.0,-9999.0,-9999,-9999.0,No match found in the given window.,[],-9999,-9999,-9999,-9999
381,2176,1792,85.85888671478286,24.154182744691354,False,False,256.0,256.0,-9999.0,-9999.0,-9999.0,-9999.0,-9999.0,-9999.0,-9999.0,-9999.0,-9999,-9999.0,No match found in the given window.,[],-9999,-9999,-9999,-9999
382,2304,1792,87.13888671478286,24.154182744691354,False,False,256.0,256.0,-9999.0,-9999.0,-9999.0,-9999.0,-9999.0,-9999.0,-9999.0,-9999.0,-9999,-9999.0,No match found in the given window.,[],-9999,-9999,-9999,-9999
383,2432,1792,88.41888671478286,24.154182744691354,False,False,256.0,256.0,-9999.0,-9999.0,-9999.0,-9999.0,-9999.0,-9999.0,-9999.0,-9999.0,-9999,-9999.0,No match found in the given window.,[],-9999,-9999,-9999,-9999
384,2560,1792,89.69888671478286,24.154182744691354,False,False,256.0,256.0,-9999.0,-9999.0,-9999.0,-9999.0,-9999.0,-9999.0,-9999.0,-9999.0,-9999,-9999.0,No match found in the given window.,[],-9999,-9999,-9999,-9999
385,2688,1792,90.97888671478286,24.154182744691354,False,False,102.0,102.0,-9999.0,-9999.0,-9999.0,-9999.0,-9999.0,-9999.0,-9999.0,-9999.0,-9999,-9999.0,No match found in the given window.,[],-9999,-9999,-9999,-9999
394,512,1920,69.21888671478285,22.874182744691357,False,False,118.0,118.0,0.08679284900426865,0.3194913864135742,0.0008697509765625,-0.00319671630859375,0.0033129234798252583,344.8018493652344,0.1412655505435133,0.14018286285879697,False,0.0,-9999,[],False,True,False,True
395,640,1920,70.49888671478286,22.874182744691357,False,False,256.0,256.0,0.11143282055854797,0.114939846098423,0.001114328205588322,-0.0011493984609813879,0.0016008885569820505,315.8875704458944,0.1692063605338295,0.16927054919746617,True,0.2536297792172917,-9999,[],False,False,False,False
396,768,1920,71.77888671478286,22.874182744691357,False,False,256.0,256.0,0.13429413735866547,-0.09236204624176025,0.0013427734375,0.00092315673828125,0.0016294964589178562,235.4813995361328,0.16635142366753647,0.16705842378172162,True,0.0,-9999,[],False,False,False,False
397,896,1920,73.05888671478286,22.874182744691357,False,False,256.0,256.0,-9999.0,-9999.0,-9999.0,-9999.0,-9999.0,-9999.0,-9999.0,-9999.0,-9999,-9999.0,No match found in the given window.,[],-9999,-9999,-9999,-9999
398,1024,1920,74.33888671478286,22.874182744691357,False,False,256.0,256.0,-9999.0,-9999.0,-9999.0,-9999.0,-9999.0,-9999.0,-9999.0,-9999.0,-9999,-9999.0,No match found in the given window.,[],-9999,-9999,-9999,-9999
399,1152,1920,75.61888671478286,22.874182744691357,False,False,256.0,256.0,-9999.0,-9999.0,-9999.0,-9999.0,-9999.0,-9999.0,-9999.0,-9999.0,-9999,-9999.0,The matching window became too small for calculating a reliable match. Matching failed.,[],-9999,-9999,-9999,-9999
400,1280,1920,76.89888671478285,22.874182744691357,False,False,256.0,256.0,-9999.0,-9999.0,-9999.0,-9999.0,-9999.0,-9999.0,-9999.0,-9999.0,-9999,-9999.0,No match found in the given window.,[],-9999,-9999,-9999,-9999
401,1408,1920,78.17888671478285,22.874182744691357,False,False,256.0,256.0,-9999.0,-9999.0,-9999.0,-9999.0,-9999.0,-9999.0,-9999.0,-9999.0,-9999,-9999.0,No match found in the given window.,[],-9999,-9999,-9999,-9999
402,1536,1920,79.45888671478285,22.874182744691357,False,False,256.0,256.0,-9999.0,-9999.0,-9999.0,-9999.0,-9999.0,-9999.0,-9999.0,-9999.0,-9999,-9999.0,No match found in the given window.,[],-9999,-9999,-9999,-9999
403,1664,1920,80.73888671478285,22.874182744691357,False,False,256.0,256.0,-9999.0,-9999.0,-9999.0,-9999.0,-9999.0,-9999.0,-9999.0,-9999.0,-9999,-9999.0,No match found in the given window.,[],-9999,-9999,-9999,-9999
404,1792,1920,82.01888671478285,22.874182744691357,False,False,256.0,256.0,-9999.0,-9999.0,-9999.0,-9999.0,-9999.0,-9999.0,-9999.0,-9999.0,-9999,-9999.0,No match found in the given window.,[],-9999,-9999,-9999,-9999
405,1920,1920,83.29888671478285,22.874182744691357,False,False,256.0,256.0,-9999.0,-9999.0,-9999.0,-9999.0,-9999.0,-9999.0,-9999.0,-9999.0,-9999,-9999.0,No match found in the given window.,[],-9999,-9999,-9999,-9999
406,2048,1920,84.57888671478285,22.874182744691357,False,False,256.0,256.0,-9999.0,-9999.0,-9999.0,-9999.0,-9999.0,-9999.0,-9999.0,-9999.0,-9999,-9999.0,No match found in the given window.,[],-9999,-9999,-9999,-9999
407,2176,1920,85.85888671478286,22.874182744691357,False,False,256.0,256.0,-9999.0,-9999.0,-9999.0,-9999.0,-9999.0,-9999.0,-9999.0,-9999.0,-9999,-9999.0,No match found in the given window.,[],-9999,-9999,-9999,-9999
408,2304,1920,87.13888671478286,22.874182744691357,False,False,256.0,256.0,-9999.0,-9999.0,-9999.0,-9999.0,-9999.0,-9999.0,-9999.0,-9999.0,-9999,-9999.0,No match found in the given window.,[],-9999,-9999,-9999,-9999
409,2432,1920,88.41888671478286,22.874182744691357,False,False,256.0,256.0,-9999.0,-9999.0,-9999.0,-9999.0,-9999.0,-9999.0,-9999.0,-9999.0,-9999,-9999.0,No match found in the given window.,[],-9999,-9999,-9999,-9999
410,2560,1920,89.69888671478286,22.874182744691357,False,False,234.0,234.0,-9999.0,-9999.0,-9999.0,-9999.0,-9999.0,-9999.0,-9999.0,-9999.0,-9999,-9999.0,No match found in the given window.,[],-9999,-9999,-9999,-9999
411,2688,1920,90.97888671478286,22.874182744691357,False,False,100.0,100.0,-9999.0,-9999.0,-9999.0,-9999.0,-9999.0,-9999.0,-9999.0,-9999.0,-9999,-9999.0,No match found in the given window.,[],-9999,-9999,-9999,-9999
421,640,2048,70.49888671478286,21.594182744691356,False,False,256.0,256.0,-9999.0,-9999.0,-9999.0,-9999.0,-9999.0,-9999.0,-9999.0,-9999.0,-9999,-9999.0,No match found in the given window.,[],-9999,-9999,-9999,-9999
422,768,2048,71.77888671478286,21.594182744691356,False,False,256.0,256.0,-9999.0,-9999.0,-9999.0,-9999.0,-9999.0,-9999.0,-9999.0,-9999.0,-9999,-9999.0,No match found in the given window.,[],-9999,-9999,-9999,-9999
423,896,2048,73.05888671478286,21.594182744691356,False,False,256.0,256.0,-9999.0,-9999.0,-9999.0,-9999.0,-9999.0,-9999.0,-9999.0,-9999.0,-9999,-9999.0,No match found in the given window.,[],-9999,-9999,-9999,-9999
424,1024,2048,74.33888671478286,21.594182744691356,False,False,256.0,256.0,40.90328323096037,0.3865259289741516,0.40903283230960596,-0.0038652592897392424,0.40905109477496226,270.54141485677786,0.20041239979596978,0.20019352866909326,False,3.843968596977163,-9999,[],False,True,False,True
425,1152,2048,75.61888671478286,21.594182744691356,False,False,256.0,256.0,-9999.0,-9999.0,-9999.0,-9999.0,-9999.0,-9999.0,-9999.0,-9999.0,-9999,-9999.0,No match found in the given window.,[],-9999,-9999,-9999,-9999
426,1280,2048,76.89888671478285,21.594182744691356,False,False,256.0,256.0,-9999.0,-9999.0,-9999.0,-9999.0,-9999.0,-9999.0,-9999.0,-9999.0,-9999,-9999.0,No match found in the given window.,[],-9999,-9999,-9999,-9999
427,1408,2048,78.17888671478285,21.594182744691356,False,False,256.0,256.0,-9999.0,-9999.0,-9999.0,-9999.0,-9999.0,-9999.0,-9999.0,-9999.0,-9999,-9999.0,No match found in the given window.,[],-9999,-9999,-9999,-9999
428,1536,2048,79.45888671478285,21.594182744691356,False,False,256.0,256.0,-9999.0,-9999.0,-9999.0,-9999.0,-9999.0,-9999.0,-9999.0,-9999.0,-9999,-9999.0,No match found in the given window.,[],-9999,-9999,-9999,-9999
429,1664,2048,80.73888671478285,21.594182744691356,False,False,256.0,256.0,-9999.0,-9999.0,-9999.0,-9999.0,-9999.0,-9999.0,-9999.0,-9999.0,-9999,-9999.0,No match found in the given window.,[],-9999,-9999,-9999,-9999
430,1792,2048,82.01888671478285,21.594182744691356,False,False,256.0,256.0,-9999.0,-9999.0,-9999.0,-9999.0,-9999.0,-9999.0,-9999.0,-9999.0,-9999,-9999.0,No match found in the given window.,[],-9999,-9999,-9999,-9999
431,1920,2048,83.29888671478285,21.594182744691356,False,False,256.0,256.0,0.2544468939304352,-0.25661322474479675,0.0025444689393054887,0.002566132247444841,0.0036137732212282924,224.7571305904164,0.15442286101664993,0.1564467360303164,True,0.0,-9999,[],False,False,False,False
432,2048,2048,84.57888671478285,21.594182744691356,False,False,256.0,256.0,-9999.0,-9999.0,-9999.0,-9999.0,-9999.0,-9999.0,-9999.0,-9999.0,-9999,-9999.0,No match found in the given window.,[],-9999,-9999,-9999,-9999
433,2176,2048,85.85888671478286,21.594182744691356,False,False,256.0,256.0,-9999.0,-9999.0,-9999.0,-9999.0,-9999.0,-9999.0,-9999.0,-9999.0,-9999,-9999.0,No match found in the given window.,[],-9999,-9999,-9999,-9999
434,2304,2048,87.13888671478286,21.594182744691356,False,False,256.0,256.0,0.22264720499515533,-0.277951180934906,0.002226472049954964,0.0027795118093507654,0.003561300842045084,218.69577102252035,0.25001041558702447,0.25102379604414443,True,24.811020689326284,-9999,[],False,False,False,False
435,2432,2048,88.41888671478286,21.594182744691356,False,False,256.0,256.0,-9999.0,-9999.0,-9999.0,-9999.0,-9999.0,-9999.0,-9999.0,-9999.0,-9999,-9999.0,No match found in the given window.,[],-9999,-9999,-9999,-9999
436,2560,2048,89.69888671478286,21.594182744691356,False,False,172.0,172.0,-9999.0,-9999.0,-9999.0,-9999.0,-9999.0,-9999.0,-9999.0,-9999.0,-9999,-9999.0,No match found in the given window.,[],-9999,-9999,-9999,-9999
448,768,2176,71.77888671478286,20.314182744691355,False,False,256.0,256.0,-0.049014218151569366,-0.37589147686958313,-0.0004901421815191043,0.0037589147686958313,0.003790736023046704,172.57085591283288,0.31476567621656626,0.3182074596695668,True,20.050133907903728,-9999,[],False,False,False,False
449,896,2176,73.05888671478286,20.314182744691355,False,False,256.0,256.0,-0.0699121505022049,0.12368319928646088,-0.000699121505022049,-0.0012368319928626192,0.001420747781047999,29.477382936489697,0.19277794303418935,0.19344105259676575,True,1.1508669318182427,-9999,[],False,False,False,False
450,1024,2176,74.33888671478286,20.314182744691355,False,False,256.0,256.0,-9999.0,-9999.0,-9999.0,-9999.0,-9999.0,-9999.0,-9999.0,-9999.0,-9999,-9999.0,No match found in the given window.,[],-9999,-9999,-9999,-9999
451,1152,2176,75.61888671478286,20.314182744691355,False,False,256.0,256.0,-9999.0,-9999.0,-9999.0,-9999.0,-9999.0,-9999.0,-9999.0,-9999.0,-9999,-9999.0,No match found in the given window.,[],-9999,-9999,-9999,-9999
452,1280,2176,76.89888671478285,20.314182744691355,False,False,256.0,256.0,-9999.0,-9999.0,-9999.0,-9999.0,-9999.0,-9999.0,-9999.0,-9999.0,-9999,-9999.0,No match found in the given window.,[],-9999,-9999,-9999,-9999
453,1408,2176,78.17888671478285,20.314182744691355,False,False,256.0,256.0,-9999.0,-9999.0,-9999.0,-9999.0,-9999.0,-9999.0,-9999.0,-9999.0,-9999,-9999.0,No match found in the given window.,[],-9999,-9999,-9999,-9999
454,1536,2176,79.45888671478285,20.314182744691355,False,False,256.0,256.0,-9999.0,-9999.0,-9999.0,-9999.0,-9999.0,-9999.0,-9999.0,-9999.0,-9999,-9999.0,No match found in the given window.,[],-9999,-9999,-9999,-9999
455,1664,2176,80.73888671478285,20.314182744691355,False,False,256.0,256.0,-64.19050699472427,0.7958936393260956,-0.6419050699472422,-0.007958936393258398,0.6419544092009072,89.28963000905911,0.23571066183824657,0.23487408243363753,False,0.0,-9999,[],False,True,False,True
456,1792,2176,82.01888671478285,20.314182744691355,False,False,256.0,256.0,-9999.0,-9999.0,-9999.0,-9999.0,-9999.0,-9999.0,-9999.0,-9999.0,-9999,-9999.0,No match found in the given window.,[],-9999,-9999,-9999,-9999
457,1920,2176,83.29888671478285,20.314182744691355,False,False,256.0,256.0,-9999.0,-9999.0,-9999.0,-9999.0,-9999.0,-9999.0,-9999.0,-9999.0,-9999,-9999.0,No match found in the given window.,[],-9999,-9999,-9999,-9999
458,2048,2176,84.57888671478285,20.314182744691355,False,False,256.0,256.0,-9999.0,-9999.0,-9999.0,-9999.0,-9999.0,-9999.0,-9999.0,-9999.0,-9999,-9999.0,No match found in the given window.,[],-9999,-9999,-9999,-9999
459,2176,2176,85.85888671478286,20.314182744691355,False,False,256.0,256.0,-0.21847578883171082,0.26269856095314026,-0.002184757888315403,-0.0026269856095311184,0.0034167558331317676,39.74893015273768,0.1919895181232698,0.1937211042372262,True,0.9236661307226086,-9999,[],False,False,False,False
475,896,2304,73.05888671478286,19.034182744691357,False,False,256.0,256.0,-9999.0,-9999.0,-9999.0,-9999.0,-9999.0,-9999.0,-9999.0,-9999.0,-9999,-9999.0,No match found in the given window.,[],-9999,-9999,-9999,-9999
476,1024,2304,74.33888671478286,19.034182744691357,False,False,256.0,256.0,-9999.0,-9999.0,-9999.0,-9999.0,-9999.0,-9999.0,-9999.0,-9999.0,-9999,-9999.0,No match found in the given window.,[],-9999,-9999,-9999,-9999
477,1152,2304,75.61888671478286,19.034182744691357,False,False,256.0,256.0,-9999.0,-9999.0,-9999.0,-9999.0,-9999.0,-9999.0,-9999.0,-9999.0,-9999,-9999.0,No match found in the given window.,[],-9999,-9999,-9999,-9999
478,1280,2304,76.89888671478285,19.034182744691357,False,False,256.0,256.0,-9999.0,-9999.0,-9999.0,-9999.0,-9999.0,-9999.0,-9999.0,-9999.0,-9999,-9999.0,No match found in the given window.,[],-9999,-9999,-9999,-9999
479,1408,2304,78.17888671478285,19.034182744691357,False,False,256.0,256.0,-9999.0,-9999.0,-9999.0,-9999.0,-9999.0,-9999.0,-9999.0,-9999.0,-9999,-9999.0,No match found in the given window.,[],-9999,-9999,-9999,-9999
480,1536,2304,79.45888671478285,19.034182744691357,False,False,256.0,256.0,-9999.0,-9999.0,-9999.0,-9999.0,-9999.0,-9999.0,-9999.0,-9999.0,-9999,-9999.0,No match found in the given window.,[],-9999,-9999,-9999,-9999
481,1664,2304,80.73888671478285,19.034182744691357,False,False,256.0,256.0,0.10286562889814377,0.05238259211182594,0.0010286562889803008,-0.0005238259211211016,0.0011543514874149444,296.9867044061948,0.20401694476533605,0.20389045817539062,False,9.369121755467518,-9999,[],False,True,False,True
482,1792,2304,82.01888671478285,19.034182744691357,False,False,256.0,256.0,-9999.0,-9999.0,-9999.0,-9999.0,-9999.0,-9999.0,-9999.0,-9999.0,-9999,-9999.0,No match found in the given window.,[],-9999,-9999,-9999,-9999
483,1920,2304,83.29888671478285,19.034182744691357,False,False,256.0,256.0,-9999.0,-9999.0,-9999.0,-9999.0,-9999.0,-9999.0,-9999.0,-9999.0,-9999,-9999.0,No match found in the given window.,[],-9999,-9999,-9999,-9999
484,2048,2304,84.57888671478285,19.034182744691357,False,False,256.0,256.0,0.15381109714508057,-0.36596739292144775,0.001538110971452511,0.003659673929213625,0.003969760525355211,202.79635043892287,0.10101713039432167,0.10113814981555004,True,17.021851540850108,-9999,[],False,False,False,False
501,896,2432,73.05888671478286,17.754182744691356,False,False,256.0,256.0,-67.74176853895187,-121.49488633871078,-0.6774176853895213,1.2149488633871073,1.3910411428581544,150.85732231943493,0.12648180061991496,0.10325702854914538,False,0.0,-9999,[],False,True,False,True
502,1024,2432,74.33888671478286,17.754182744691356,False,False,256.0,256.0,0.1470000445842743,0.3115924000740051,0.00147247314453125,-0.003116607666015625,0.0034469435922801495,334.7434387207031,0.17239019030735322,0.17275285961943923,True,0.0,-9999,[],False,False,False,False
503,1152,2432,75.61888671478286,17.754182744691356,False,False,256.0,256.0,-9999.0,-9999.0,-9999.0,-9999.0,-9999.0,-9999.0,-9999.0,-9999.0,-9999,-9999.0,The matching window became too small for calculating a reliable match. Matching failed.,[],-9999,-9999,-9999,-9999
504,1280,2432,76.89888671478285,17.754182744691356,False,False,256.0,256.0,-9999.0,-9999.0,-9999.0,-9999.0,-9999.0,-9999.0,-9999.0,-9999.0,-9999,-9999.0,No match found in the given window.,[],-9999,-9999,-9999,-9999
505,1408,2432,78.17888671478285,17.754182744691356,False,False,256.0,256.0,-9999.0,-9999.0,-9999.0,-9999.0,-9999.0,-9999.0,-9999.0,-9999.0,-9999,-9999.0,No match found in the given window.,[],-9999,-9999,-9999,-9999
506,1536,2432,79.45888671478285,17.754182744691356,False,False,256.0,256.0,-9999.0,-9999.0,-9999.0,-9999.0,-9999.0,-9999.0,-9999.0,-9999.0,-9999,-9999.0,No match found in the given window.,[],-9999,-9999,-9999,-9999
507,1664,2432,80.73888671478285,17.754182744691356,False,False,256.0,256.0,-9999.0,-9999.0,-9999.0,-9999.0,-9999.0,-9999.0,-9999.0,-9999.0,-9999,-9999.0,No match found in the given window.,[],-9999,-9999,-9999,-9999
508,1792,2432,82.01888671478285,17.754182744691356,False,False,256.0,256.0,-9999.0,-9999.0,-9999.0,-9999.0,-9999.0,-9999.0,-9999.0,-9999.0,-9999,-9999.0,No match found in the given window.,[],-9999,-9999,-9999,-9999
509,1920,2432,83.29888671478285,17.754182744691356,False,False,256.0,256.0,0.015078217722475529,0.24891026318073273,0.000152587890625,-0.002490997314453125,0.002495666267350316,356.533447265625,0.1307412810093667,0.1322873397118837,True,20.935759956788488,-9999,[],False,False,False,False
528,1024,2560,74.33888671478286,16.474182744691355,False,False,256.0,256.0,-9999.0,-9999.0,-9999.0,-9999.0,-9999.0,-9999.0,-9999.0,-9999.0,-9999,-9999.0,No match found in the given window.,[],-9999,-9999,-9999,-9999
529,1152,2560,75.61888671478286,16.474182744691355,False,False,256.0,256.0,-0.19450758397579193,-0.11340801417827606,-0.00194549560546875,0.001132965087890625,0.00225134682841599,120.24441528320312,0.14353472411394413,0.14456870962866,True,0.0,-9999,[],False,False,False,False
530,1280,2560,76.89888671478285,16.474182744691355,False,False,256.0,256.0,-9999.0,-9999.0,-9999.0,-9999.0,-9999.0,-9999.0,-9999.0,-9999.0,-9999,-9999.0,No match found in the given window.,[],-9999,-9999,-9999,-9999
531,1408,2560,78.17888671478285,16.474182744691355,False,False,256.0,256.0,-9999.0,-9999.0,-9999.0,-9999.0,-9999.0,-9999.0,-9999.0,-9999.0,-9999,-9999.0,No match found in the given window.,[],-9999,-9999,-9999,-9999
532,1536,2560,79.45888671478285,16.474182744691355,False,False,256.0,256.0,-9999.0,-9999.0,-9999.0,-9999.0,-9999.0,-9999.0,-9999.0,-9999.0,-9999,-9999.0,No match found in the given window.,[],-9999,-9999,-9999,-9999
533,1664,2560,80.73888671478285,16.474182744691355,False,False,256.0,256.0,-9999.0,-9999.0,-9999.0,-9999.0,-9999.0,-9999.0,-9999.0,-9999.0,-9999,-9999.0,No match found in the given window.,[],-9999,-9999,-9999,-9999
534,1792,2560,82.01888671478285,16.474182744691355,False,False,256.0,256.0,-9999.0,-9999.0,-9999.0,-9999.0,-9999.0,-9999.0,-9999.0,-9999.0,-9999,-9999.0,No match found in the given window.,[],-9999,-9999,-9999,-9999
554,1024,2688,74.33888671478286,15.194182744691357,False,False,256.0,256.0,-31.74888852238655,-0.26303669810295105,-0.31748888522386665,0.002630366981030363,0.31749978121433164,90.4746795416541,0.1539439076186974,0.13422205855394956,False,0.0,-9999,[],False,True,False,True
555,1152,2688,75.61888671478286,15.194182744691357,False,False,256.0,256.0,-9999.0,-9999.0,-9999.0,-9999.0,-9999.0,-9999.0,-9999.0,-9999.0,-9999,-9999.0,No match found in the given window.,[],-9999,-9999,-9999,-9999
556,1280,2688,76.89888671478285,15.194182744691357,False,False,256.0,256.0,-9999.0,-9999.0,-9999.0,-9999.0,-9999.0,-9999.0,-9999.0,-9999.0,-9999,-9999.0,No match found in the given window.,[],-9999,-9999,-9999,-9999
557,1408,2688,78.17888671478285,15.194182744691357,False,False,256.0,256.0,-9999.0,-9999.0,-9999.0,-9999.0,-9999.0,-9999.0,-9999.0,-9999.0,-9999,-9999.0,No match found in the given window.,[],-9999,-9999,-9999,-9999
558,1536,2688,79.45888671478285,15.194182744691357,False,False,256.0,256.0,-9999.0,-9999.0,-9999.0,-9999.0,-9999.0,-9999.0,-9999.0,-9999.0,-9999,-9999.0,No match found in the given window.,[],-9999,-9999,-9999,-9999
581,1152,2816,75.61888671478286,13.914182744691356,False,False,256.0,256.0,-9999.0,-9999.0,-9999.0,-9999.0,-9999.0,-9999.0,-9999.0,-9999.0,-9999,-9999.0,No match found in the given window.,[],-9999,-9999,-9999,-9999
582,1280,2816,76.89888671478285,13.914182744691356,False,False,256.0,256.0,-9999.0,-9999.0,-9999.0,-9999.0,-9999.0,-9999.0,-9999.0,-9999.0,-9999,-9999.0,The matching window became too small for calculating a reliable match. Matching failed.,[],-9999,-9999,-9999,-9999
583,1408,2816,78.17888671478285,13.914182744691356,False,False,256.0,256.0,-9999.0,-9999.0,-9999.0,-9999.0,-9999.0,-9999.0,-9999.0,-9999.0,-9999,-9999.0,No match found in the given window.,[],-9999,-9999,-9999,-9999
584,1536,2816,79.45888671478285,13.914182744691356,False,False,256.0,256.0,-9999.0,-9999.0,-9999.0,-9999.0,-9999.0,-9999.0,-9999.0,-9999.0,-9999,-9999.0,No match found in the given window.,[],-9999,-9999,-9999,-9999
607,1152,2944,75.61888671478286,12.634182744691355,False,False,256.0,256.0,-9999.0,-9999.0,-9999.0,-9999.0,-9999.0,-9999.0,-9999.0,-9999.0,-9999,-9999.0,No match found in the given window.,[],-9999,-9999,-9999,-9999
608,1280,2944,76.89888671478285,12.634182744691355,False,False,256.0,256.0,-9999.0,-9999.0,-9999.0,-9999.0,-9999.0,-9999.0,-9999.0,-9999.0,-9999,-9999.0,No match found in the given window.,[],-9999,-9999,-9999,-9999
609,1408,2944,78.17888671478285,12.634182744691355,False,False,256.0,256.0,-9999.0,-9999.0,-9999.0,-9999.0,-9999.0,-9999.0,-9999.0,-9999.0,-9999,-9999.0,No match found in the given window.,[],-9999,-9999,-9999,-9999
610,1536,2944,79.45888671478285,12.634182744691355,False,False,256.0,256.0,-9999.0,-9999.0,-9999.0,-9999.0,-9999.0,-9999.0,-9999.0,-9999.0,-9999,-9999.0,The matching window became too small for calculating a reliable match. Matching failed.,[],-9999,-9999,-9999,-9999
630,768,3072,71.77888671478286,11.354182744691357,False,False,256.0,256.0,-9999.0,-9999.0,-9999.0,-9999.0,-9999.0,-9999.0,-9999.0,-9999.0,-9999,-9999.0,No match found in the given window.,[],-9999,-9999,-9999,-9999
633,1152,3072,75.61888671478286,11.354182744691357,False,False,256.0,256.0,-9999.0,-9999.0,-9999.0,-9999.0,-9999.0,-9999.0,-9999.0,-9999.0,-9999,-9999.0,No match found in the given window.,[],-9999,-9999,-9999,-9999
634,1280,3072,76.89888671478285,11.354182744691357,False,False,256.0,256.0,-9999.0,-9999.0,-9999.0,-9999.0,-9999.0,-9999.0,-9999.0,-9999.0,-9999,-9999.0,No match found in the given window.,[],-9999,-9999,-9999,-9999
635,1408,3072,78.17888671478285,11.354182744691357,False,False,256.0,256.0,-9999.0,-9999.0,-9999.0,-9999.0,-9999.0,-9999.0,-9999.0,-9999.0,-9999,-9999.0,No match found in the given window.,[],-9999,-9999,-9999,-9999
636,1536,3072,79.45888671478285,11.354182744691357,False,False,256.0,256.0,-9999.0,-9999.0,-9999.0,-9999.0,-9999.0,-9999.0,-9999.0,-9999.0,-9999,-9999.0,No match found in the given window.,[],-9999,-9999,-9999,-9999
660,1280,3200,76.89888671478285,10.074182744691356,False,False,256.0,256.0,-9999.0,-9999.0,-9999.0,-9999.0,-9999.0,-9999.0,-9999.0,-9999.0,-9999,-9999.0,No match found in the given window.,[],-9999,-9999,-9999,-9999
661,1408,3200,78.17888671478285,10.074182744691356,False,False,256.0,256.0,0.3499688506126404,-0.21010293066501617,0.0034996885061246985,0.0021010293066510144,0.004081928929722781,239.02160506135672,0.2103524617071544,0.21293915255811288,True,0.0,-9999,[],False,False,False,False
662,1536,3200,79.45888671478285,10.074182744691356,False,False,256.0,256.0,-9999.0,-9999.0,-9999.0,-9999.0,-9999.0,-9999.0,-9999.0,-9999.0,-9999,-9999.0,No match found in the given window.,[],-9999,-9999,-9999,-9999
666,2048,3200,84.57888671478285,10.074182744691356,False,False,256.0,256.0,-9999.0,-9999.0,-9999.0,-9999.0,-9999.0,-9999.0,-9999.0,-9999.0,-9999,-9999.0,No match found in the given window.,[],-9999,-9999,-9999,-9999
686,1280,3328,76.89888671478285,8.794182744691355,False,False,256.0,256.0,-9999.0,-9999.0,-9999.0,-9999.0,-9999.0,-9999.0,-9999.0,-9999.0,-9999,-9999.0,No match found in the given window.,[],-9999,-9999,-9999,-9999
687,1408,3328,78.17888671478285,8.794182744691355,False,False,256.0,256.0,-0.31905633211135864,-0.33764126896858215,-0.0031890869140625,0.003376007080078125,0.004644103813916445,136.62107849121094,0.28655501447594767,0.28724758248935944,True,0.0,-9999,[],False,False,False,False
689,1664,3328,80.73888671478285,8.794182744691355,False,False,256.0,256.0,-9999.0,-9999.0,-9999.0,-9999.0,-9999.0,-9999.0,-9999.0,-9999.0,-9999,-9999.0,No match found in the given window.,[],-9999,-9999,-9999,-9999
693,2176,3328,85.85888671478286,8.794182744691355,False,False,176.0,176.0,-4.262720465660095,14.22229291498661,-0.04262720465659697,-0.14222292914986667,0.14847370188960535,16.684579749269737,0.14430660121292563,0.15106018578627523,True,0.0,-9999,[],False,False,False,False
715,1664,3456,80.73888671478285,7.514182744691354,False,False,256.0,256.0,-9999.0,-9999.0,-9999.0,-9999.0,-9999.0,-9999.0,-9999.0,-9999.0,-9999,-9999.0,No match found in the given window.,[],-9999,-9999,-9999,-9999
741,1664,3584,80.73888671478285,6.234182744691353,False,False,256.0,256.0,-9999.0,-9999.0,-9999.0,-9999.0,-9999.0,-9999.0,-9999.0,-9999.0,-9999,-9999.0,No match found in the given window.,[],-9999,-9999,-9999,-9999
